{
  "config": {
    "d_model": 512,
    "n_layers": 6,
    "n_heads": 8,
    "seq_len": 256,
    "batch_size": 16,
    "epochs": 15,
    "lr": 0.0003,
    "weight_decay": 0.01,
    "energy_steps": 3,
    "disable_energy_gate": false,
    "disable_chaperone": false,
    "disable_langevin": false
  },
  "results": {
    "foldflow-no-energy-gate": {
      "seeds": [
        {
          "seed": 42,
          "best_ppl": 587.7997026638466,
          "final_val_loss": 6.691088015304328,
          "num_parameters": 50166071,
          "train_epoch_time_s": 621.6697863737742,
          "train_tokens_per_s": 4063.865521988004,
          "val_eval_time_s": 34.53336073557536,
          "val_tokens_per_s": 7980.159274568362,
          "log": [
            {
              "epoch": 1,
              "lr": 0.0003,
              "train_loss": 7.137155823192302,
              "train_epoch_time_s": 314.8212649822235,
              "train_tokens_per_s": 7585.154707179127,
              "val_loss": 6.8410652481830185,
              "val_ppl": 935.4851279778463,
              "val_eval_time_s": 10.527522087097168,
              "val_tokens_per_s": 23466.110824196636,
              "best_ppl": 935.4851279778463
            },
            {
              "epoch": 2,
              "lr": 0.0003,
              "train_loss": 6.524692124813335,
              "train_epoch_time_s": 497.27956199645996,
              "train_tokens_per_s": 4802.063431710068,
              "val_loss": 6.600748441626989,
              "val_ppl": 735.6455710200253,
              "val_eval_time_s": 32.514983892440796,
              "val_tokens_per_s": 7597.72789115337,
              "best_ppl": 735.6455710200253
            },
            {
              "epoch": 3,
              "lr": 0.0002962517228711826,
              "train_loss": 6.201052581466492,
              "train_epoch_time_s": 662.0550439357758,
              "train_tokens_per_s": 3606.902510407655,
              "val_loss": 6.473917519860935,
              "val_ppl": 648.0173818667321,
              "val_eval_time_s": 34.91019010543823,
              "val_tokens_per_s": 7076.443847881443,
              "best_ppl": 648.0173818667321
            },
            {
              "epoch": 4,
              "lr": 0.0002851948457514116,
              "train_loss": 5.927187730681221,
              "train_epoch_time_s": 572.3795189857483,
              "train_tokens_per_s": 4172.001130004545,
              "val_loss": 6.4116378952184485,
              "val_ppl": 608.890163058787,
              "val_eval_time_s": 44.18069887161255,
              "val_tokens_per_s": 5591.581987371656,
              "best_ppl": 608.890163058787
            },
            {
              "epoch": 5,
              "lr": 0.00026738380662897043,
              "train_loss": 5.679019054458644,
              "train_epoch_time_s": 827.8751690387726,
              "train_tokens_per_s": 2884.4541898419498,
              "val_loss": 6.382274317864927,
              "val_ppl": 591.270917647267,
              "val_eval_time_s": 39.29794192314148,
              "val_tokens_per_s": 6286.33429412559,
              "best_ppl": 591.270917647267
            },
            {
              "epoch": 6,
              "lr": 0.00024371172537788062,
              "train_loss": 5.450498400176165,
              "train_epoch_time_s": 603.707900762558,
              "train_tokens_per_s": 3955.5023165734624,
              "val_loss": 6.376386248138902,
              "val_ppl": 587.7997026638466,
              "val_eval_time_s": 35.894675970077515,
              "val_tokens_per_s": 6882.35771249021,
              "best_ppl": 587.7997026638466
            },
            {
              "epoch": 7,
              "lr": 0.00021536561899807488,
              "train_loss": 5.235632871068362,
              "train_epoch_time_s": 623.280308008194,
              "train_tokens_per_s": 3831.2906236861354,
              "val_loss": 6.40829244574117,
              "val_ppl": 606.8565553436787,
              "val_eval_time_s": 40.06092572212219,
              "val_tokens_per_s": 6166.6073748161325,
              "best_ppl": 587.7997026638466
            },
            {
              "epoch": 8,
              "lr": 0.00018376687962646897,
              "train_loss": 5.029936139415917,
              "train_epoch_time_s": 564.6018168926239,
              "train_tokens_per_s": 4229.472751509307,
              "val_loss": 6.4467484355590505,
              "val_ppl": 630.6483615897296,
              "val_eval_time_s": 36.71035289764404,
              "val_tokens_per_s": 6729.436807344183,
              "best_ppl": 587.7997026638466
            },
            {
              "epoch": 9,
              "lr": 0.00015049999999999997,
              "train_loss": 4.838377401309398,
              "train_epoch_time_s": 754.8515210151672,
              "train_tokens_per_s": 3163.493658711219,
              "val_loss": 6.498883152008057,
              "val_ppl": 664.3991856247677,
              "val_eval_time_s": 33.5820631980896,
              "val_tokens_per_s": 7356.307995217325,
              "best_ppl": 587.7997026638466
            },
            {
              "epoch": 10,
              "lr": 0.00011723312037353099,
              "train_loss": 4.663861657497609,
              "train_epoch_time_s": 590.7477390766144,
              "train_tokens_per_s": 4042.2803881273985,
              "val_loss": 6.544298929501074,
              "val_ppl": 695.2690754097405,
              "val_eval_time_s": 37.49078607559204,
              "val_tokens_per_s": 6589.352367856395,
              "best_ppl": 587.7997026638466
            },
            {
              "epoch": 11,
              "lr": 8.563438100192505e-05,
              "train_loss": 4.515489740191765,
              "train_epoch_time_s": 597.1053869724274,
              "train_tokens_per_s": 3999.2404223783524,
              "val_loss": 6.5981228102056475,
              "val_ppl": 733.7165704242739,
              "val_eval_time_s": 35.09130597114563,
              "val_tokens_per_s": 7039.920378088307,
              "best_ppl": 587.7997026638466
            },
            {
              "epoch": 12,
              "lr": 5.7288274622119334e-05,
              "train_loss": 4.397513885645269,
              "train_epoch_time_s": 552.6326589584351,
              "train_tokens_per_s": 4321.076507676332,
              "val_loss": 6.641527299436262,
              "val_ppl": 766.264414972989,
              "val_eval_time_s": 32.833086013793945,
              "val_tokens_per_s": 7524.11758968416,
              "best_ppl": 587.7997026638466
            },
            {
              "epoch": 13,
              "lr": 3.3616193371029555e-05,
              "train_loss": 4.310516637962433,
              "train_epoch_time_s": 913.5386559963226,
              "train_tokens_per_s": 2613.9758666212506,
              "val_loss": 6.665574475520633,
              "val_ppl": 784.9142495083804,
              "val_eval_time_s": 36.787956953048706,
              "val_tokens_per_s": 6715.241085969771,
              "best_ppl": 587.7997026638466
            },
            {
              "epoch": 14,
              "lr": 1.580515424858835e-05,
              "train_loss": 4.252869825215937,
              "train_epoch_time_s": 550.4110519886017,
              "train_tokens_per_s": 4338.517534072793,
              "val_loss": 6.68582162115858,
              "val_ppl": 800.9685005656431,
              "val_eval_time_s": 30.34847617149353,
              "val_tokens_per_s": 8140.112162601622,
              "best_ppl": 587.7997026638466
            },
            {
              "epoch": 15,
              "lr": 4.748277128817368e-06,
              "train_loss": 4.222022589443069,
              "train_epoch_time_s": 699.7591969966888,
              "train_tokens_per_s": 3412.556791320457,
              "val_loss": 6.691088015304328,
              "val_ppl": 805.1978433058429,