{
  "config": {
    "d_model": 512,
    "n_layers": 6,
    "n_heads": 8,
    "seq_len": 256,
    "batch_size": 16,
    "epochs": 15,
    "lr": 0.0003,
    "weight_decay": 0.01,
    "energy_steps": 3,
    "disable_energy_gate": false,
    "disable_chaperone": false,
    "disable_langevin": false
  },
  "results": {
    "foldflow-no-chaperone": {
      "seeds": [
        {
          "seed": 42,
          "best_ppl": 527.8546054253773,
          "final_val_loss": 6.5483425698749755,
          "num_parameters": 50166071,
          "train_epoch_time_s": 1796.2102254072825,
          "train_tokens_per_s": 1874.3323879075429,
          "val_eval_time_s": 31.88499034245809,
          "val_tokens_per_s": 8160.688275398404,
          "log": [
            {
              "epoch": 1,
              "lr": 0.0003,
              "train_loss": 7.052987979574842,
              "train_epoch_time_s": 1949.3085272312164,
              "train_tokens_per_s": 1225.0333729324277,
              "val_loss": 6.7508334515625945,
              "val_ppl": 854.7708758510862,
              "val_eval_time_s": 15.333240032196045,
              "val_tokens_per_s": 16111.40238340211,
              "best_ppl": 854.7708758510862
            },
            {
              "epoch": 2,
              "lr": 0.0003,
              "train_loss": 6.40022951701902,
              "train_epoch_time_s": 476.28881311416626,
              "train_tokens_per_s": 5013.697433677925,
              "val_loss": 6.497693598949848,
              "val_ppl": 663.6093174298405,
              "val_eval_time_s": 33.16764187812805,
              "val_tokens_per_s": 7448.223208262121,
              "best_ppl": 663.6093174298405
            },
            {
              "epoch": 3,
              "lr": 0.0002962517228711826,
              "train_loss": 6.039519219210381,
              "train_epoch_time_s": 1153.9968390464783,
              "train_tokens_per_s": 2069.3020285680545,
              "val_loss": 6.367635339529403,
              "val_ppl": 582.6783620589049,
              "val_eval_time_s": 31.908690929412842,
              "val_tokens_per_s": 7742.091348920964,
              "best_ppl": 582.6783620589049
            },
            {
              "epoch": 4,
              "lr": 0.0002851948457514116,
              "train_loss": 5.7332232705929265,
              "train_epoch_time_s": 4586.716700077057,
              "train_tokens_per_s": 520.6268789088025,
              "val_loss": 6.303138352922825,
              "val_ppl": 546.2836535943695,
              "val_eval_time_s": 31.21278405189514,
              "val_tokens_per_s": 7914.7057048568695,
              "best_ppl": 546.2836535943695
            },
            {
              "epoch": 5,
              "lr": 0.00026738380662897043,
              "train_loss": 5.461370650531906,
              "train_epoch_time_s": 1102.1942760944366,
              "train_tokens_per_s": 2166.5581574798503,
              "val_loss": 6.268820877272848,
              "val_ppl": 527.8546054253773,
              "val_eval_time_s": 30.95610284805298,
              "val_tokens_per_s": 7980.33270572164,
              "best_ppl": 527.8546054253773
            },
            {
              "epoch": 6,
              "lr": 0.00024371172537788062,
              "train_loss": 5.212952351283864,
              "train_epoch_time_s": 852.2915050983429,
              "train_tokens_per_s": 2801.820721801587,
              "val_loss": 6.272076198597646,
              "val_ppl": 529.575741684672,
              "val_eval_time_s": 31.875704288482666,
              "val_tokens_per_s": 7750.10326875383,
              "best_ppl": 527.8546054253773
            },
            {
              "epoch": 7,
              "lr": 0.00021536561899807488,
              "train_loss": 4.982897271831899,
              "train_epoch_time_s": 1575.9953219890594,
              "train_tokens_per_s": 1515.2126194043217,
              "val_loss": 6.283657249885519,
              "val_ppl": 535.7444365500662,
              "val_eval_time_s": 28.507498025894165,
              "val_tokens_per_s": 8665.790304558,
              "best_ppl": 527.8546054253773
            },
            {
              "epoch": 8,
              "lr": 0.00018376687962646897,
              "train_loss": 4.772996576122722,
              "train_epoch_time_s": 1987.4260292053223,
              "train_tokens_per_s": 1201.5380521884558,
              "val_loss": 6.32673828638897,
              "val_ppl": 559.3292435196922,
              "val_eval_time_s": 31.392763137817383,
              "val_tokens_per_s": 7869.329594068212,
              "best_ppl": 527.8546054253773
            },
            {
              "epoch": 9,
              "lr": 0.00015049999999999997,
              "train_loss": 4.579263852350095,
              "train_epoch_time_s": 3490.331659078598,
              "train_tokens_per_s": 684.1665014236477,
              "val_loss": 6.362716993025548,
              "val_ppl": 579.8195839674656,
              "val_eval_time_s": 48.50065207481384,
              "val_tokens_per_s": 5093.539765587743,
              "best_ppl": 527.8546054253773
            },
            {
              "epoch": 10,
              "lr": 0.00011723312037353099,
              "train_loss": 4.406877592129323,
              "train_epoch_time_s": 2185.9653100967407,
              "train_tokens_per_s": 1092.4089183713165,
              "val_loss": 6.419287604495033,
              "val_ppl": 613.5658568355697,
              "val_eval_time_s": 29.18772268295288,
              "val_tokens_per_s": 8463.832642355615,
              "best_ppl": 527.8546054253773
            },
            {
              "epoch": 11,
              "lr": 8.563438100192505e-05,
              "train_loss": 4.261514242476501,
              "train_epoch_time_s": 1758.8247609138489,
              "train_tokens_per_s": 1357.7066078824485,
              "val_loss": 6.458714486650853,
              "val_ppl": 638.240062862658,
              "val_eval_time_s": 36.012887954711914,
              "val_tokens_per_s": 6859.766434468285,
              "best_ppl": 527.8546054253773
            },
            {
              "epoch": 12,
              "lr": 5.7288274622119334e-05,
              "train_loss": 4.14195602099646,
              "train_epoch_time_s": 1230.4792530536652,
              "train_tokens_per_s": 1940.681237878501,
              "val_loss": 6.5088697127109985,
              "val_ppl": 671.0674897149386,
              "val_eval_time_s": 35.17033338546753,
              "val_tokens_per_s": 7024.10174201185,
              "best_ppl": 527.8546054253773
            },
            {
              "epoch": 13,
              "lr": 3.3616193371029555e-05,
              "train_loss": 4.052163452881278,
              "train_epoch_time_s": 2477.8499619960785,
              "train_tokens_per_s": 963.7258254637532,
              "val_loss": 6.529406508015845,
              "val_ppl": 684.9915538333014,
              "val_eval_time_s": 31.36170506477356,
              "val_tokens_per_s": 7877.1227358260885,
              "best_ppl": 527.8546054253773
            },
            {
              "epoch": 14,
              "lr": 1.580515424858835e-05,
              "train_loss": 3.992655905401318,
              "train_epoch_time_s": 1516.705589056015,
              "train_tokens_per_s": 1574.4439904690082,
              "val_loss": 6.5420040555568555,
              "val_ppl": 693.6753499233474,
              "val_eval_time_s": 34.31635594367981,
              "val_tokens_per_s": 7198.899568632619,
              "best_ppl": 527.8546054253773
            },
            {
              "epoch": 15,
              "lr": 4.748277128817368e-06,
              "train_loss": 3.9609199968864743,
              "train_epoch_time_s": 598.7788350582123,
              "train_tokens_per_s": 3988.0634721630495,
              "val_loss": 6.5483425698749755,
              "val_ppl": 698.0861853650165,