{
  "config": {
    "d_model": 512,
    "n_layers": 6,
    "n_heads": 8,
    "seq_len": 256,
    "batch_size": 16,
    "epochs": 15,
    "lr": 0.0003,
    "weight_decay": 0.01,
    "energy_steps": 3,
    "disable_energy_gate": false,
    "disable_chaperone": false,
    "disable_langevin": false
  },
  "results": {
    "foldflow-no-langevin": {
      "seeds": [
        {
          "seed": 42,
          "best_ppl": 524.9750256795421,
          "final_val_loss": 6.552432760426417,
          "num_parameters": 50166071,
          "train_epoch_time_s": 541.0105853875478,
          "train_tokens_per_s": 4416.917153481155,
          "val_eval_time_s": 18.66473766962687,
          "val_tokens_per_s": 13340.901272308312,
          "log": [
            {
              "epoch": 1,
              "lr": 0.0003,
              "train_loss": 7.051619886329612,
              "train_epoch_time_s": 514.7742609977722,
              "train_tokens_per_s": 4638.864412862194,
              "val_loss": 6.753968899484743,
              "val_ppl": 857.4551714531042,
              "val_eval_time_s": 16.964475870132446,
              "val_tokens_per_s": 14562.19466437729,
              "best_ppl": 857.4551714531042
            },
            {
              "epoch": 2,
              "lr": 0.0003,
              "train_loss": 6.399338333725316,
              "train_epoch_time_s": 513.5562541484833,
              "train_tokens_per_s": 4649.8664571020345,
              "val_loss": 6.4919128299377125,
              "val_ppl": 659.7842119292001,
              "val_eval_time_s": 17.987265825271606,
              "val_tokens_per_s": 13734.160733473773,
              "best_ppl": 659.7842119292001
            },
            {
              "epoch": 3,
              "lr": 0.0002962517228711826,
              "train_loss": 6.0341244831706815,
              "train_epoch_time_s": 519.409665107727,
              "train_tokens_per_s": 4597.465469774669,
              "val_loss": 6.376112117174376,
              "val_ppl": 587.6385906483121,
              "val_eval_time_s": 17.476917028427124,
              "val_tokens_per_s": 14135.216159587899,
              "best_ppl": 587.6385906483121
            },
            {
              "epoch": 4,
              "lr": 0.0002851948457514116,
              "train_loss": 5.723463827300031,
              "train_epoch_time_s": 565.6346170902252,
              "train_tokens_per_s": 4221.75009776513,
              "val_loss": 6.30406532089945,
              "val_ppl": 546.7902758224188,
              "val_eval_time_s": 20.086426258087158,
              "val_tokens_per_s": 12298.852808649186,
              "best_ppl": 546.7902758224188
            },
            {
              "epoch": 5,
              "lr": 0.00026738380662897043,
              "train_loss": 5.447961988825332,
              "train_epoch_time_s": 540.0135443210602,
              "train_tokens_per_s": 4422.052048717236,
              "val_loss": 6.274552572082362,
              "val_ppl": 530.8887941426578,
              "val_eval_time_s": 20.355690956115723,
              "val_tokens_per_s": 12136.163814462834,
              "best_ppl": 530.8887941426578
            },
            {
              "epoch": 6,
              "lr": 0.00024371172537788062,
              "train_loss": 5.192613987734551,
              "train_epoch_time_s": 544.5391519069672,
              "train_tokens_per_s": 4385.30083950323,
              "val_loss": 6.263350691325924,
              "val_ppl": 524.9750256795421,
              "val_eval_time_s": 21.239377737045288,
              "val_tokens_per_s": 11631.225879518961,
              "best_ppl": 524.9750256795421
            },
            {
              "epoch": 7,
              "lr": 0.00021536561899807488,
              "train_loss": 4.957598913595157,
              "train_epoch_time_s": 543.729434967041,
              "train_tokens_per_s": 4391.831389714537,
              "val_loss": 6.2903059237979235,
              "val_ppl": 539.3182941508228,
              "val_eval_time_s": 17.55734610557556,
              "val_tokens_per_s": 14070.463640376109,
              "best_ppl": 524.9750256795421
            },
            {
              "epoch": 8,
              "lr": 0.00018376687962646897,
              "train_loss": 4.739718128845581,
              "train_epoch_time_s": 552.050400018692,
              "train_tokens_per_s": 4325.634036166164,
              "val_loss": 6.329099938288872,
              "val_ppl": 560.6517455203254,
              "val_eval_time_s": 18.645129919052124,
              "val_tokens_per_s": 13249.572465975016,
              "best_ppl": 524.9750256795421
            },
            {
              "epoch": 9,
              "lr": 0.00015049999999999997,
              "train_loss": 4.539058519268527,
              "train_epoch_time_s": 539.5970330238342,
              "train_tokens_per_s": 4425.465400760501,
              "val_loss": 6.374941809066219,
              "val_ppl": 586.9512747051679,
              "val_eval_time_s": 19.619593858718872,
              "val_tokens_per_s": 12591.494083870466,
              "best_ppl": 524.9750256795421
            },
            {
              "epoch": 10,
              "lr": 0.00011723312037353099,
              "train_loss": 4.361658011251617,
              "train_epoch_time_s": 543.8688759803772,
              "train_tokens_per_s": 4390.705380401577,
              "val_loss": 6.427347777173927,
              "val_ppl": 618.5312878249923,
              "val_eval_time_s": 18.104134798049927,
              "val_tokens_per_s": 13645.50158047927,
              "best_ppl": 524.9750256795421
            },
            {
              "epoch": 11,
              "lr": 8.563438100192505e-05,
              "train_loss": 4.208726104291389,
              "train_epoch_time_s": 548.8169260025024,
              "train_tokens_per_s": 4351.119447779407,
              "val_loss": 6.464242782988078,
              "val_ppl": 641.7782140274202,
              "val_eval_time_s": 21.556982040405273,
              "val_tokens_per_s": 11459.86017601913,
              "best_ppl": 524.9750256795421
            },
            {
              "epoch": 12,
              "lr": 5.7288274622119334e-05,
              "train_loss": 4.084440075512815,
              "train_epoch_time_s": 549.2436401844025,
              "train_tokens_per_s": 4347.739009227792,
              "val_loss": 6.506303153754516,
              "val_ppl": 669.3473637853497,
              "val_eval_time_s": 16.478274822235107,
              "val_tokens_per_s": 14991.860656836137,
              "best_ppl": 524.9750256795421
            },
            {
              "epoch": 13,
              "lr": 3.3616193371029555e-05,
              "train_loss": 3.9908917907171757,
              "train_epoch_time_s": 541.5646979808807,
              "train_tokens_per_s": 4409.386374154514,
              "val_loss": 6.5303660536059445,
              "val_ppl": 685.6491499042868,
              "val_eval_time_s": 17.68557381629944,
              "val_tokens_per_s": 13968.446970735105,
              "best_ppl": 524.9750256795421
            },
            {
              "epoch": 14,
              "lr": 1.580515424858835e-05,
              "train_loss": 3.9279004623714076,
              "train_epoch_time_s": 550.9806530475616,
              "train_tokens_per_s": 4334.03239622257,
              "val_loss": 6.538225328613439,
              "val_ppl": 691.0590863744764,
              "val_eval_time_s": 20.14957308769226,
              "val_tokens_per_s": 12260.30938347258,
              "best_ppl": 524.9750256795421
            },
            {
              "epoch": 15,
              "lr": 4.748277128817368e-06,
              "train_loss": 3.8943314609560304,
              "train_epoch_time_s": 547.3796260356903,
              "train_tokens_per_s": 4362.544542065764,
              "val_loss": 6.552432760426417,
              "val_ppl": 700.947338225846,