{
  "config": {
    "d_model": 560,
    "n_layers": 6,
    "n_heads": 8,
    "seq_len": 256,
    "batch_size": 16,
    "epochs": 10,
    "lr": 0.0003,
    "weight_decay": 0.01,
    "energy_steps": 3,
    "disable_energy_gate": false,
    "disable_chaperone": false,
    "disable_langevin": false
  },
  "results": {
    "transformer++": {
      "seeds": [
        {
          "seed": 42,
          "best_ppl": 593.5605030889395,
          "final_val_loss": 6.456548509449539,
          "num_parameters": 50911280,
          "train_epoch_time_s": 298.24944360256194,
          "train_tokens_per_s": 8009.361506400974,
          "val_eval_time_s": 11.842186284065246,
          "val_tokens_per_s": 21102.196332015243,
          "log": [
            {
              "epoch": 1,
              "lr": 0.0003,
              "train_loss": 7.1445419031800785,
              "train_epoch_time_s": 284.793297290802,
              "train_tokens_per_s": 8384.916438400758,
              "val_loss": 6.870976833481863,
              "val_ppl": 963.8896657865596,
              "val_eval_time_s": 9.140985012054443,
              "val_tokens_per_s": 27025.53386470082,
              "best_ppl": 963.8896657865596
            },
            {
              "epoch": 2,
              "lr": 0.0003,
              "train_loss": 6.548118426910191,
              "train_epoch_time_s": 291.94608998298645,
              "train_tokens_per_s": 8179.482726208671,
              "val_loss": 6.627936362231951,
              "val_ppl": 755.9206136240394,
              "val_eval_time_s": 11.313720226287842,
              "val_tokens_per_s": 21835.4347693691,
              "best_ppl": 755.9206136240394
            },
            {
              "epoch": 3,
              "lr": 0.0002909840468074933,
              "train_loss": 6.221992581009252,
              "train_epoch_time_s": 297.99945187568665,
              "train_tokens_per_s": 8013.330175507047,
              "val_loss": 6.506675023983179,
              "val_ppl": 669.5963204294891,
              "val_eval_time_s": 14.024435758590698,
              "val_tokens_per_s": 17614.968919421597,
              "best_ppl": 669.5963204294891
            },
            {
              "epoch": 4,
              "lr": 0.00026502364424628715,
              "train_loss": 5.943962277924421,
              "train_epoch_time_s": 298.36776185035706,
              "train_tokens_per_s": 8003.4383915701255,
              "val_loss": 6.4233314247329,
              "val_ppl": 616.0520302960576,
              "val_eval_time_s": 11.278334856033325,
              "val_tokens_per_s": 21903.94266116743,
              "best_ppl": 616.0520302960576
            },
            {
              "epoch": 5,
              "lr": 0.00022524999999999995,
              "train_loss": 5.685559862473816,
              "train_epoch_time_s": 301.4864819049835,
              "train_tokens_per_s": 7920.647005170175,
              "val_loss": 6.391508460168394,
              "val_ppl": 596.7560838670993,
              "val_eval_time_s": 12.451311826705933,
              "val_tokens_per_s": 19840.47973725479,
              "best_ppl": 596.7560838670993
            },
            {
              "epoch": 6,
              "lr": 0.00017646040256120608,
              "train_loss": 5.450043783793114,
              "train_epoch_time_s": 301.1736891269684,
              "train_tokens_per_s": 7928.873225686338,
              "val_loss": 6.386139151716479,
              "val_ppl": 593.5605030889395,
              "val_eval_time_s": 12.634712219238281,
              "val_tokens_per_s": 19552.483326358935,
              "best_ppl": 593.5605030889395
            },
            {
              "epoch": 7,
              "lr": 0.0001245395974387939,
              "train_loss": 5.2411300592111685,
              "train_epoch_time_s": 299.3611469268799,
              "train_tokens_per_s": 7976.880181392646,
              "val_loss": 6.3954044707698525,
              "val_ppl": 599.0855868338509,
              "val_eval_time_s": 12.00095796585083,
              "val_tokens_per_s": 20585.02335421568,
              "best_ppl": 593.5605030889395
            },
            {
              "epoch": 8,
              "lr": 7.575000000000001e-05,
              "train_loss": 5.0691458504155,
              "train_epoch_time_s": 302.0517330169678,
              "train_tokens_per_s": 7905.824529289675,
              "val_loss": 6.428464154752425,
              "val_ppl": 619.222187867222,
              "val_eval_time_s": 11.510838985443115,
              "val_tokens_per_s": 21461.511216724753,
              "best_ppl": 593.5605030889395
            },
            {
              "epoch": 9,
              "lr": 3.597635575371279e-05,
              "train_loss": 4.9452195069393206,
              "train_epoch_time_s": 303.7735438346863,
              "train_tokens_per_s": 7861.013733636835,
              "val_loss": 6.444848659989748,
              "val_ppl": 629.4514085706104,
              "val_eval_time_s": 12.742522954940796,
              "val_tokens_per_s": 19387.05552060336,
              "best_ppl": 593.5605030889395
            },
            {
              "epoch": 10,
              "lr": 1.0015953192506706e-05,
              "train_loss": 4.876993896621783,
              "train_epoch_time_s": 301.5412402153015,
              "train_tokens_per_s": 7919.208657147468,
              "val_loss": 6.456548509449539,
              "val_ppl": 636.8591454951762,
              "val_eval_time_s": 11.324043035507202,
              "val_tokens_per_s": 21815.5299503359,
              "best_ppl": 593.5605030889395
            }
          ]
        },
        {
          "seed": 43,
          "best_ppl": 591.9128390381429,
          "final_val_loss": 6.468105425859362,
          "num_parameters": 50911280,
          "train_epoch_time_s": 306.2914541721344,
          "train_tokens_per_s": 7798.202519092019,
          "val_eval_time_s": 11.518035674095154,
          "val_tokens_per_s": 21668.924466079035,
          "log": [
            {
              "epoch": 1,
              "lr": 0.0003,
              "train_loss": 7.132354437793712,
              "train_epoch_time_s": 304.26809191703796,
              "train_tokens_per_s": 7848.236681521984,
              "val_loss": 6.859922151614965,
              "val_ppl": 953.2928522934383,
              "val_eval_time_s": 11.667693138122559,
              "val_tokens_per_s": 21172.99427363506,
              "best_ppl": 953.2928522934383
            },
            {
              "epoch": 2,
              "lr": 0.0003,
              "train_loss": 6.52890654084613,
              "train_epoch_time_s": 302.11682200431824,
              "train_tokens_per_s": 7904.121273875535,
              "val_loss": 6.6076483657323015,
              "val_ppl": 740.7390216319967,
              "val_eval_time_s": 11.373210191726685,
              "val_tokens_per_s": 21721.21994014553,
              "best_ppl": 740.7390216319967
            },
            {
              "epoch": 3,
              "lr": 0.0002909840468074933,
              "train_loss": 6.208556327361799,
              "train_epoch_time_s": 304.2860460281372,
              "train_tokens_per_s": 7847.773603720184,
              "val_loss": 6.500739723660168,
              "val_ppl": 665.6338360723558,
              "val_eval_time_s": 10.815182209014893,
              "val_tokens_per_s": 22841.963752962216,
              "best_ppl": 665.6338360723558
            },
            {
              "epoch": 4,
              "lr": 0.00026502364424628715,
              "train_loss": 5.932090666854361,
              "train_epoch_time_s": 308.00746607780457,
              "train_tokens_per_s": 7752.9549215433135,
              "val_loss": 6.433402881721141,
              "val_ppl": 622.2879213650588,
              "val_eval_time_s": 11.81711196899414,
              "val_tokens_per_s": 20905.277080236363,