{
  "config": {
    "d_model": 512,
    "n_layers": 6,
    "n_heads": 8,
    "seq_len": 256,
    "batch_size": 16,
    "epochs": 15,
    "lr": 0.0003,
    "weight_decay": 0.01,
    "energy_steps": 3,
    "disable_energy_gate": false,
    "disable_chaperone": false,
    "disable_langevin": false
  },
  "results": {
    "transformer++": {
      "seeds": [
        {
          "seed": 42,
          "best_ppl": 599.6853695279812,
          "final_val_loss": 6.717662196579375,
          "num_parameters": 44777984,
          "train_epoch_time_s": 988.607745774587,
          "train_tokens_per_s": 3171.7911370189768,
          "val_eval_time_s": 32.69291950861613,
          "val_tokens_per_s": 7979.105188780075,
          "log": [
            {
              "epoch": 1,
              "lr": 0.0003,
              "train_loss": 7.1515075011277895,
              "train_epoch_time_s": 515.7313017845154,
              "train_tokens_per_s": 4630.256088271619,
              "val_loss": 6.864700900458302,
              "val_ppl": 957.8593016759315,
              "val_eval_time_s": 15.999147176742554,
              "val_tokens_per_s": 15440.823018311508,
              "best_ppl": 957.8593016759315
            },
            {
              "epoch": 2,
              "lr": 0.0003,
              "train_loss": 6.542450147468475,
              "train_epoch_time_s": 477.3261697292328,
              "train_tokens_per_s": 5002.801336776894,
              "val_loss": 6.619691508298093,
              "val_ppl": 749.7137809539296,
              "val_eval_time_s": 28.727607011795044,
              "val_tokens_per_s": 8599.39360415818,
              "best_ppl": 749.7137809539296
            },
            {
              "epoch": 3,
              "lr": 0.0002962517228711826,
              "train_loss": 6.226568615457001,
              "train_epoch_time_s": 493.20744490623474,
              "train_tokens_per_s": 4841.711179874797,
              "val_loss": 6.49893129724295,
              "val_ppl": 664.4311740496613,
              "val_eval_time_s": 30.668155908584595,
              "val_tokens_per_s": 8055.26099242403,
              "best_ppl": 664.4311740496613
            },
            {
              "epoch": 4,
              "lr": 0.0002851948457514116,
              "train_loss": 5.96156482631101,
              "train_epoch_time_s": 1442.9445118904114,
              "train_tokens_per_s": 1654.927116269708,
              "val_loss": 6.4341932914417646,
              "val_ppl": 622.7799782247776,
              "val_eval_time_s": 30.971014976501465,
              "val_tokens_per_s": 7976.490282524995,
              "best_ppl": 622.7799782247776
            },
            {
              "epoch": 5,
              "lr": 0.00026738380662897043,
              "train_loss": 5.715057125222417,
              "train_epoch_time_s": 906.6689562797546,
              "train_tokens_per_s": 2633.7815841829565,
              "val_loss": 6.3964051335586785,
              "val_ppl": 599.6853695279812,
              "val_eval_time_s": 29.04090189933777,
              "val_tokens_per_s": 8506.622860966772,
              "best_ppl": 599.6853695279812
            },
            {
              "epoch": 6,
              "lr": 0.00024371172537788062,
              "train_loss": 5.485567105164045,
              "train_epoch_time_s": 939.6025679111481,
              "train_tokens_per_s": 2541.466021435793,
              "val_loss": 6.399666777299476,
              "val_ppl": 601.6445228531989,
              "val_eval_time_s": 38.9332320690155,
              "val_tokens_per_s": 6345.221983165469,
              "best_ppl": 599.6853695279812
            },
            {
              "epoch": 7,
              "lr": 0.00021536561899807488,
              "train_loss": 5.269455942445104,
              "train_epoch_time_s": 2529.2580897808075,
              "train_tokens_per_s": 944.1377333726144,
              "val_loss": 6.419492523904909,
              "val_ppl": 613.69160127217,
              "val_eval_time_s": 32.488744020462036,
              "val_tokens_per_s": 7603.864275098153,
              "best_ppl": 599.6853695279812
            },
            {
              "epoch": 8,
              "lr": 0.00018376687962646897,
              "train_loss": 5.065138799657544,
              "train_epoch_time_s": 1186.2628691196442,
              "train_tokens_per_s": 2013.017571537219,
              "val_loss": 6.457989175826157,
              "val_ppl": 637.7773082770511,
              "val_eval_time_s": 49.475151777267456,
              "val_tokens_per_s": 4993.213585521701,
              "best_ppl": 599.6853695279812
            },
            {
              "epoch": 9,
              "lr": 0.00015049999999999997,
              "train_loss": 4.87502352124013,
              "train_epoch_time_s": 740.4347040653229,
              "train_tokens_per_s": 3225.089244046735,
              "val_loss": 6.504448744423031,
              "val_ppl": 668.1072699640913,
              "val_eval_time_s": 33.210845947265625,
              "val_tokens_per_s": 7438.533796828495,
              "best_ppl": 599.6853695279812
            },
            {
              "epoch": 10,
              "lr": 0.00011723312037353099,
              "train_loss": 4.7036758278900725,
              "train_epoch_time_s": 481.28820514678955,
              "train_tokens_per_s": 4961.617539062039,
              "val_loss": 6.561532989561249,
              "val_ppl": 707.3552320441873,
              "val_eval_time_s": 34.43306589126587,
              "val_tokens_per_s": 7174.4990928229545,
              "best_ppl": 599.6853695279812
            },
            {
              "epoch": 11,
              "lr": 8.563438100192505e-05,
              "train_loss": 4.562717493361511,
              "train_epoch_time_s": 483.96597385406494,
              "train_tokens_per_s": 4934.165063265517,
              "val_loss": 6.620286591683027,
              "val_ppl": 750.1600559406766,
              "val_eval_time_s": 34.04941010475159,
              "val_tokens_per_s": 7255.338616439808,
              "best_ppl": 599.6853695279812
            },
            {
              "epoch": 12,
              "lr": 5.7288274622119334e-05,
              "train_loss": 4.4494905079208555,
              "train_epoch_time_s": 2037.6896450519562,
              "train_tokens_per_s": 1171.8997570599681,
              "val_loss": 6.658869208696593,
              "val_ppl": 779.6687957681216,
              "val_eval_time_s": 37.24496579170227,
              "val_tokens_per_s": 6632.842714411555,
              "best_ppl": 599.6853695279812
            },
            {
              "epoch": 13,
              "lr": 3.3616193371029555e-05,
              "train_loss": 4.366253312210685,
              "train_epoch_time_s": 1217.6146879196167,
              "train_tokens_per_s": 1961.1852778156094,
              "val_loss": 6.692025461839271,
              "val_ppl": 805.9530271509277,
              "val_eval_time_s": 36.54018998146057,
              "val_tokens_per_s": 6760.774920035744,
              "best_ppl": 599.6853695279812
            },
            {
              "epoch": 14,
              "lr": 1.580515424858835e-05,
              "train_loss": 4.31167865617402,
              "train_epoch_time_s": 780.0644149780273,
              "train_tokens_per_s": 3061.244628198126,
              "val_loss": 6.709759810551461,
              "val_ppl": 820.3735707091147,
              "val_eval_time_s": 30.80368709564209,
              "val_tokens_per_s": 8019.819161029904,
              "best_ppl": 599.6853695279812
            },
            {
              "epoch": 15,
              "lr": 4.748277128817368e-06,
              "train_loss": 4.282358255844378,
              "train_epoch_time_s": 597.0566442012787,
              "train_tokens_per_s": 3999.5669141150574,
              "val_loss": 6.717662196579375,
              "val_ppl": 826.8821621826024,